name,price,link
Products,N/A,javascript:;
2026 Q01 Cycling Smart Glasses Camera 8MP HD Video Recording Music Player Eyewear AI Translation Phone Call Outdoor Sports,N/A,https://www.alibaba.com/product-detail/2026-Q01-Cycling-Smart-Glasses-Camera_1601723954756.html?s=p
Low Price High Quality S26 Ultra 5G Smartphone 7.3-inch HD Screen 16GB+1TB Storage Deca Core CPU Dual SIM Card Phone,N/A,https://www.alibaba.com/product-detail/Low-Price-High-Quality-S26-Ultra_1601667420178.html
certified,N/A,https://www.alibaba.com/product-detail/Chierda-NB916-Mini-Handheld-4G-LTE_1601727996673.html?s=p
Dropshipping Note 30 Ultra Smartphone 7.3 Inch AMOLED Screen Telephone Smartphone 5G Cellphone Large Screen HD Camera,N/A,https://www.alibaba.com/product-detail/Dropshipping-Note-30-Ultra-Smartphone-7_1601499083049.html
350 LUMEN HEAD LAMP WITH 3AAA BATTERY OUTD0OR,N/A,https://www.alibaba.com/product-detail/350-LUMEN-HEAD-LAMP-WITH-3AAA_1600846051765.html?s=p
certified,N/A,https://www.alibaba.com/product-detail/Customized-High-Quality-Mobile-New-square_1601095933766.html
certified,N/A,https://www.alibaba.com/product-detail/Chierda-NB916-4G-POC-Walkie-Talkie_1601727954968.html?s=p
Hot Selling Big Display Touch Smartphone 128GB Gaming Android 5G Phone,N/A,https://www.alibaba.com/product-detail/Hot-Selling-Big-Display-Touch-Smartphone_1601590782707.html
Export Kenya Tanzania Single Cooktop Portable Camping Gas Burner Kitchen Portable Outdoor Sungas Small Mini Gas Cooker Stove,N/A,https://www.alibaba.com/product-detail/Export-Kenya-Tanzania-Single-Cooktop-Portable_1601216681679.html?s=p
A+ Unlocked Used Smart Phone for Iphone 14 Pro Max Original Phone for iphone 13pro Max 5g Phones Wholesale,N/A,https://www.alibaba.com/product-detail/A-Unlocked-Used-Smart-Phone-for_1601061452334.html
certified,N/A,https://www.alibaba.com/product-detail/Chierda-NB915-4G-POC-Walkie-Talkie_1601376655339.html?s=p
Real High Quality S25 Ultra 7.3 Inch Big Screen Wifi Smartphone Cell Phone S25 Ultra 22+1TB Android 15 4g 5g Phones,N/A,https://www.alibaba.com/product-detail/Real-High-Quality-S25-Ultra-7_1601286832269.html
Latest Model Ho Nor X60 6.8inch MTK Dimensity 7025 Octa Core 5800mAh Battery 108MP Camera 5G Cell Phone,N/A,https://www.alibaba.com/product-detail/Latest-Model-Ho-Nor-X60-6_1601271495573.html
Original I16 Phone 16 Pro Max Neuf 6.9 Inch 12GB + 512Gb IOS Icon Smartphone 8-core Celulares Unlocked Phone Cellphone,N/A,https://www.alibaba.com/product-detail/Original-I16-Phone-16-Pro-Max_1601683102790.html
certified,N/A,https://www.alibaba.com/product-detail/Oukitel-WP61-Rugged-5G-Smartphone-12_1601768756784.html
Wholesale S26 Ultra Original 16GB+1TB 72MP+108MP 7.3 Inch HD Resolution 5G Smartphones French Spanish English,N/A,https://www.alibaba.com/product-detail/Wholesale-S26-Ultra-Original-16GB-1TB_1601623820266.html
HON OR 500 Smart Phone 2025 6.55 Inch Android 16 Snap Dragon 8s Gen 4 8000mAh 200MP 5G Smartphone,N/A,https://www.alibaba.com/product-detail/HON-OR-500-Smart-Phone-2025_1601724377227.html
certified,N/A,https://www.alibaba.com/product-detail/20-Foot-Mediterranean-Style-Mobile-Container_1601602356800.html
certified,N/A,https://www.alibaba.com/product-detail/Oukitel-C26-Smartphone-Cell-Phone-6_1601748418572.html
certified,N/A,https://www.alibaba.com/product-detail/20-Foot-Ready-Made-Detachable-House_1601268262140.html
Amanki Ready To Ship Wholesale Phone Android Cell Phone Dual SIM 4G Smartphone USA Version Celulares Phone,N/A,https://www.alibaba.com/product-detail/Amanki-Ready-To-Ship-Wholesale-Phone_1601123616581.html
2025 Brand New Original S25 Ultra 16GB+1TB Smart Android Phone 7000mah 4g 5G Dual SIM Dual Standby Unlocked Have Logo S25 ultra,N/A,https://www.alibaba.com/product-detail/2025-Brand-New-Original-S25-Ultra_1601651962979.html
2025 New Mo To G100 Pro 6.72'' IPS Oled 120HZ 50MP Camera 6720mAh Battery IP68 IP69 Dimensity 7300 Android 15 Phone 5G,N/A,https://www.alibaba.com/product-detail/2025-New-Mo-To-G100-Pro_1601548950031.html
certified,N/A,https://www.alibaba.com/product-detail/20W-PD-Dual-USB-C-A_1601463810506.html
Original For Xiaomi Redmi Note 13 4G Dual SIM Card 8GB RAM 256GB ROM Smart Cell Phone Face Recognition Beauty Camera,N/A,https://www.alibaba.com/product-detail/Original-For-Xiaomi-Redmi-Note-13_1601236498382.html
40ft 20ftFolding Mobile Homes Tiny Home Houses Ready Container Prefabricated House Two Bedroom Prefab Expandable Container House,N/A,https://www.alibaba.com/product-detail/40ft-20ftFolding-Mobile-Homes-Tiny-Home_10000038312938.html
certified,N/A,https://www.alibaba.com/product-detail/UNIWA-X100-4G-6-5-Inch_1600971408496.html
20000mAh Solar Power Bank Charger Built-in Waterproof Cable LED Light Charger with 10W Output Power,N/A,https://www.alibaba.com/product-detail/20000mAh-Solar-Power-Bank-Charger-Built_1601458868918.html
certified,N/A,https://www.alibaba.com/product-detail/Oukitel-C1-Smart-Phone-6-52_11000023108968.html
Magnetic Wireless Charging Transparent Mobile Phone Case for iPhone 17 Pro Max 16 15 14 13 12 11 Xr Xs Max 7 8 Plus Clear Cover,N/A,https://www.alibaba.com/product-detail/Magnetic-Wireless-Charging-Transparent-Mobile-Phone_1601359679058.html
certified,N/A,https://www.alibaba.com/product-detail/PD-20W-Adapter-Usb-Type-c_1600583128831.html
60W Max 1M ABS Nylon Braided Fast Charging USB Cable Popular Type C to Type C for Phone Camera Computer with White Box Package,N/A,https://www.alibaba.com/product-detail/60W-Max-1M-ABS-Nylon-Braided_1601113421290.html
certified,N/A,https://www.alibaba.com/product-detail/QC-3-0-67W-Fast-Charger_1601407692268.html
20W Type C Power Adapter for iPhone Charger Cable EU US UK Plug 20W USB C Charger for iphone Cargador for iphone 17 16 15 14,N/A,https://www.alibaba.com/product-detail/20W-Type-C-Power-Adapter-for_1601741019534.html
certified,N/A,https://www.alibaba.com/product-detail/160W-USB-C-Charger-Type-C_1601221150734.html
certified,N/A,https://www.alibaba.com/product-detail/Regis-3-Lens-4G-IPCamera-HD_1601421637205.html
New Trending Shockproof clear Hard Acrylic Tpu Tpe Pc Transparent Magnetic Wireless Charging Back Cover Phone case,N/A,https://www.alibaba.com/product-detail/New-Trending-Shockproof-clear-Hard-Acrylic_1601361096421.html
360 Full Body TPU Screen Protector Plain Case for Infinix Hot 60 Pro+/Pro/60i/60 Shockproof,N/A,https://www.alibaba.com/product-detail/360-Full-Body-TPU-Screen-Protector_1601597126451.html
ECOVACS DEEBOT X11 OMNI CYCLONE All in One Robot Vacuum Cleaner Thin Clock Floor Washing Sweeping Wet Mopping Hotel Household,N/A,https://www.alibaba.com/product-detail/ECOVACS-DEEBOT-X11-OMNI-CYCLONE-All_1601699944260.html
"Wainlux F1 Dual Laser Head Portable Metal Laser Engraving Machine - for Metal Jewelry, Glass Wood Leather Fabric Plastic Pvc",N/A,https://www.alibaba.com/product-detail/Wainlux-F1-Dual-Laser-Head-Portable_1601613403336.html
Stylish New Personalized Gertrude Phone Case for iPhone 17 Air 16 15 14 13 Pro Max Fashionable Colorful Phone Cover,N/A,https://www.alibaba.com/product-detail/Stylish-New-Personalized-Gertrude-Phone-Case_1601444620195.html
140W USB-C 1-Port GaN PD 3.0 Fast Charger with 20V Output for Laptops Phones Earphones MacBook Pro & for Adapters,N/A,https://www.alibaba.com/product-detail/140W-USB-C-1-Port-GaN_1601621399024.html
Magnetic Matte PU Leather Metal Shockproof Lens Protection Case for vivo X300 X200 Pro/Ultra/Pro Mini PC Wireless Charging Cover,N/A,https://www.alibaba.com/product-detail/Magnetic-Matte-PU-Leather-Metal-Shockproof_1601652263803.html
Wholesale Luxury Flip Top Magnetic Clothing Packaging China Foldable Luxury Jewelry Perfume Gift Box Ribbon Made Paper Foil,N/A,https://www.alibaba.com/product-detail/Wholesale-Luxury-Flip-Top-Magnetic-Clothing_1600946811903.html
"Hot Sale QIN F21 Pro Smart Phone 21 Keys 4G Feature Phone 2.8 Inch Mini Phone, 3GB+32GB",N/A,https://www.alibaba.com/product-detail/Hot-Sale-QIN-F21-Pro-Smart_1600970099195.html
certified,N/A,https://www.alibaba.com/product-detail/S11-Dropshipping-Products-2025-Detachable-boomboxes_1601379104711.html
Portable High Pressure Wireless Lithium Battery Water Spray Gun Durable Plastic Car Washer for Car Wash Tool Kit,N/A,https://www.alibaba.com/product-detail/Portable-High-Pressure-Wireless-Lithium-Battery_1601144487498.html
certified,N/A,https://www.alibaba.com/product-detail/Topleo-YG300-hd-Projector-Theater-Projector_1600896747506.html
Filters,N/A,https://www.alibaba.com/trade/search?fsb=y&IndexArea=product_en&has4Tab=true&keywords=mobile&originKeywords=mobile&ta=y&
Did you find what you were looking for？,N/A,javascript:;
Request for Quotation,N/A,https://rfq.alibaba.com/rfq/post.htm?rfq_name=mobile&unfoldForm=true&tracelog=search_list_bottom_201406
Request for Quotation,N/A,https://rfq.alibaba.com/rfq/post.htm?rfq_name=mobile&unfoldForm=true&tracelog=search_list_bottom_201406
