name,price,rating,link
"Samsung Galaxy S26 Ultra, Unlocked Android Smartphone, 512GB","362,632",,https://www.amazon.com/Samsung-Unlocked-Smartphone-Charging-Warranty/dp/B0G4SW3XXP/ref=sr_1_1?dib=eyJ2IjoiMSJ9.QVTyZiX5P-OCYqxVTy6-zC9x4OKvgOsDte-VcYFvPENsDM1RMCio6ttkqHPPFUsebVyfY0hGDnuLnXhekKWXopaaJcgxKYBobzMHpvY80XnUaD9CIXoiofhSRGCUa4hiJWYzqkS0wYiiZvv2SxIdRy8xvOq9e-wp-XNOb90C1L-CNYoTkkKV-xVPBCEkG5DOD3p8wQi5-6cvDZJMBkZBAnzpCoNOE1vv6aN_Nu_iKDmQMovRpqR_ZnJTy9ntHBURQjjVL8Lrcs2q29HSo9Bviwsjj46g8aL6adqGnBt5pXM.cZZ-8w8mN9u3agX13Rds9Qdp_n71iGvPms_mJfetsC0&dib_tag=se&keywords=mobile&qid=1776683671&sr=8-1
Moto G Power 5G | 2024 | Unlocked | Made for US 8/128GB | 50,"35,476",,https://www.amazon.com/Power-Unlocked-128GB-Camera-Midnight/dp/B0CT6BQV81/ref=sr_1_2?dib=eyJ2IjoiMSJ9.QVTyZiX5P-OCYqxVTy6-zC9x4OKvgOsDte-VcYFvPENsDM1RMCio6ttkqHPPFUsebVyfY0hGDnuLnXhekKWXopaaJcgxKYBobzMHpvY80XnUaD9CIXoiofhSRGCUa4hiJWYzqkS0wYiiZvv2SxIdRy8xvOq9e-wp-XNOb90C1L-CNYoTkkKV-xVPBCEkG5DOD3p8wQi5-6cvDZJMBkZBAnzpCoNOE1vv6aN_Nu_iKDmQMovRpqR_ZnJTy9ntHBURQjjVL8Lrcs2q29HSo9Bviwsjj46g8aL6adqGnBt5pXM.cZZ-8w8mN9u3agX13Rds9Qdp_n71iGvPms_mJfetsC0&dib_tag=se&keywords=mobile&qid=1776683671&sr=8-2
"Samsung Galaxy A16 4G Dual SIM (128GB, 2025) 6.7"" 90Hz AMOLE","36,260",,https://www.amazon.com/SAMSUNG-Resistant-Unlocked-International-DS/dp/B0DNRGQRB4/ref=sr_1_3?dib=eyJ2IjoiMSJ9.QVTyZiX5P-OCYqxVTy6-zC9x4OKvgOsDte-VcYFvPENsDM1RMCio6ttkqHPPFUsebVyfY0hGDnuLnXhekKWXopaaJcgxKYBobzMHpvY80XnUaD9CIXoiofhSRGCUa4hiJWYzqkS0wYiiZvv2SxIdRy8xvOq9e-wp-XNOb90C1L-CNYoTkkKV-xVPBCEkG5DOD3p8wQi5-6cvDZJMBkZBAnzpCoNOE1vv6aN_Nu_iKDmQMovRpqR_ZnJTy9ntHBURQjjVL8Lrcs2q29HSo9Bviwsjj46g8aL6adqGnBt5pXM.cZZ-8w8mN9u3agX13Rds9Qdp_n71iGvPms_mJfetsC0&dib_tag=se&keywords=mobile&qid=1776683671&sr=8-3
EERKEOD Baby Crib Mobile Bear Nursery Mobile for Boys Girls ,"6,692",,https://www.amazon.com/EERKEOD-Nursery-Bedroom-Bassinet-Gift%EF%BC%88Brown/dp/B0D543WKJJ/ref=sr_1_4?dib=eyJ2IjoiMSJ9.QVTyZiX5P-OCYqxVTy6-zC9x4OKvgOsDte-VcYFvPENsDM1RMCio6ttkqHPPFUsebVyfY0hGDnuLnXhekKWXopaaJcgxKYBobzMHpvY80XnUaD9CIXoiofhSRGCUa4hiJWYzqkS0wYiiZvv2SxIdRy8xvOq9e-wp-XNOb90C1L-CNYoTkkKV-xVPBCEkG5DOD3p8wQi5-6cvDZJMBkZBAnzpCoNOE1vv6aN_Nu_iKDmQMovRpqR_ZnJTy9ntHBURQjjVL8Lrcs2q29HSo9Bviwsjj46g8aL6adqGnBt5pXM.cZZ-8w8mN9u3agX13Rds9Qdp_n71iGvPms_mJfetsC0&dib_tag=se&keywords=mobile&qid=1776683671&sr=8-4
Motorola Moto G Play | 2024 | Unlocked | Made for US 4/64GB ,"31,008",,https://www.amazon.com/Moto-Play-Unlocked-Camera-Sapphire/dp/B0CP6DDN1H/ref=sr_1_5?dib=eyJ2IjoiMSJ9.QVTyZiX5P-OCYqxVTy6-zC9x4OKvgOsDte-VcYFvPENsDM1RMCio6ttkqHPPFUsebVyfY0hGDnuLnXhekKWXopaaJcgxKYBobzMHpvY80XnUaD9CIXoiofhSRGCUa4hiJWYzqkS0wYiiZvv2SxIdRy8xvOq9e-wp-XNOb90C1L-CNYoTkkKV-xVPBCEkG5DOD3p8wQi5-6cvDZJMBkZBAnzpCoNOE1vv6aN_Nu_iKDmQMovRpqR_ZnJTy9ntHBURQjjVL8Lrcs2q29HSo9Bviwsjj46g8aL6adqGnBt5pXM.cZZ-8w8mN9u3agX13Rds9Qdp_n71iGvPms_mJfetsC0&dib_tag=se&keywords=mobile&qid=1776683671&sr=8-5
"Samsung Galaxy S26, Unlocked Android Smartphone, 256GB, Powe","223,157",,https://www.amazon.com/Samsung-Unlocked-Smartphone-Processor-Immersive/dp/B0G4SW96R4/ref=sr_1_6?dib=eyJ2IjoiMSJ9.QVTyZiX5P-OCYqxVTy6-zC9x4OKvgOsDte-VcYFvPENsDM1RMCio6ttkqHPPFUsebVyfY0hGDnuLnXhekKWXopaaJcgxKYBobzMHpvY80XnUaD9CIXoiofhSRGCUa4hiJWYzqkS0wYiiZvv2SxIdRy8xvOq9e-wp-XNOb90C1L-CNYoTkkKV-xVPBCEkG5DOD3p8wQi5-6cvDZJMBkZBAnzpCoNOE1vv6aN_Nu_iKDmQMovRpqR_ZnJTy9ntHBURQjjVL8Lrcs2q29HSo9Bviwsjj46g8aL6adqGnBt5pXM.cZZ-8w8mN9u3agX13Rds9Qdp_n71iGvPms_mJfetsC0&dib_tag=se&keywords=mobile&qid=1776683671&sr=8-6
"Baby Crib Mobile with Music and Lights, Nursery Baby Mobile ","8,365",,https://www.amazon.com/Playix-Bassinet-Rotation-Starlight-Projection/dp/B0G44CVN3K/ref=sr_1_7?dib=eyJ2IjoiMSJ9.QVTyZiX5P-OCYqxVTy6-zC9x4OKvgOsDte-VcYFvPENsDM1RMCio6ttkqHPPFUsebVyfY0hGDnuLnXhekKWXopaaJcgxKYBobzMHpvY80XnUaD9CIXoiofhSRGCUa4hiJWYzqkS0wYiiZvv2SxIdRy8xvOq9e-wp-XNOb90C1L-CNYoTkkKV-xVPBCEkG5DOD3p8wQi5-6cvDZJMBkZBAnzpCoNOE1vv6aN_Nu_iKDmQMovRpqR_ZnJTy9ntHBURQjjVL8Lrcs2q29HSo9Bviwsjj46g8aL6adqGnBt5pXM.cZZ-8w8mN9u3agX13Rds9Qdp_n71iGvPms_mJfetsC0&dib_tag=se&keywords=mobile&qid=1776683671&sr=8-7
The Peanutshell Crib Mobile for Girls - Pink and White Music,"11,155",,https://www.amazon.com/Peanutshell-Woodland-Musical-Mobile-Girls/dp/B0C7T23J3Y/ref=sr_1_8?dib=eyJ2IjoiMSJ9.QVTyZiX5P-OCYqxVTy6-zC9x4OKvgOsDte-VcYFvPENsDM1RMCio6ttkqHPPFUsebVyfY0hGDnuLnXhekKWXopaaJcgxKYBobzMHpvY80XnUaD9CIXoiofhSRGCUa4hiJWYzqkS0wYiiZvv2SxIdRy8xvOq9e-wp-XNOb90C1L-CNYoTkkKV-xVPBCEkG5DOD3p8wQi5-6cvDZJMBkZBAnzpCoNOE1vv6aN_Nu_iKDmQMovRpqR_ZnJTy9ntHBURQjjVL8Lrcs2q29HSo9Bviwsjj46g8aL6adqGnBt5pXM.cZZ-8w8mN9u3agX13Rds9Qdp_n71iGvPms_mJfetsC0&dib_tag=se&keywords=mobile&qid=1776683671&sr=8-8
"Baby Crib Mobile with Music and Lights, Nursery Baby Mobile ","8,365",,https://www.amazon.com/Playix-Bassinet-Rotation-Starlight-Projection/dp/B0G44D218F/ref=sr_1_9?dib=eyJ2IjoiMSJ9.QVTyZiX5P-OCYqxVTy6-zC9x4OKvgOsDte-VcYFvPENsDM1RMCio6ttkqHPPFUsebVyfY0hGDnuLnXhekKWXopaaJcgxKYBobzMHpvY80XnUaD9CIXoiofhSRGCUa4hiJWYzqkS0wYiiZvv2SxIdRy8xvOq9e-wp-XNOb90C1L-CNYoTkkKV-xVPBCEkG5DOD3p8wQi5-6cvDZJMBkZBAnzpCoNOE1vv6aN_Nu_iKDmQMovRpqR_ZnJTy9ntHBURQjjVL8Lrcs2q29HSo9Bviwsjj46g8aL6adqGnBt5pXM.cZZ-8w8mN9u3agX13Rds9Qdp_n71iGvPms_mJfetsC0&dib_tag=se&keywords=mobile&qid=1776683671&sr=8-9
"Baby Mobile for Crib, Baby Crib Mobile for Boys Girls, Baby ","6,692",,https://www.amazon.com/Ikubigu-Bassinet-Nursery-Bedroom-Hanging/dp/B0CDXJBB2D/ref=sr_1_10?dib=eyJ2IjoiMSJ9.QVTyZiX5P-OCYqxVTy6-zC9x4OKvgOsDte-VcYFvPENsDM1RMCio6ttkqHPPFUsebVyfY0hGDnuLnXhekKWXopaaJcgxKYBobzMHpvY80XnUaD9CIXoiofhSRGCUa4hiJWYzqkS0wYiiZvv2SxIdRy8xvOq9e-wp-XNOb90C1L-CNYoTkkKV-xVPBCEkG5DOD3p8wQi5-6cvDZJMBkZBAnzpCoNOE1vv6aN_Nu_iKDmQMovRpqR_ZnJTy9ntHBURQjjVL8Lrcs2q29HSo9Bviwsjj46g8aL6adqGnBt5pXM.cZZ-8w8mN9u3agX13Rds9Qdp_n71iGvPms_mJfetsC0&dib_tag=se&keywords=mobile&qid=1776683671&sr=8-10
The Peanutshell Crib Mobile for Boys or Girls - Light and Da,"11,155",,https://www.amazon.com/Peanutshell-Nautical-Musical-Crib-Mobile/dp/B0C7SC34Z3/ref=sr_1_11?dib=eyJ2IjoiMSJ9.QVTyZiX5P-OCYqxVTy6-zC9x4OKvgOsDte-VcYFvPENsDM1RMCio6ttkqHPPFUsebVyfY0hGDnuLnXhekKWXopaaJcgxKYBobzMHpvY80XnUaD9CIXoiofhSRGCUa4hiJWYzqkS0wYiiZvv2SxIdRy8xvOq9e-wp-XNOb90C1L-CNYoTkkKV-xVPBCEkG5DOD3p8wQi5-6cvDZJMBkZBAnzpCoNOE1vv6aN_Nu_iKDmQMovRpqR_ZnJTy9ntHBURQjjVL8Lrcs2q29HSo9Bviwsjj46g8aL6adqGnBt5pXM.cZZ-8w8mN9u3agX13Rds9Qdp_n71iGvPms_mJfetsC0&dib_tag=se&keywords=mobile&qid=1776683671&sr=8-11
The Peanutshell Crib Mobile for Boys or Girls - White Musica,"11,155",,https://www.amazon.com/Peanutshell-Animals-Musical-Digital-lullabies/dp/B08HSNXSM6/ref=sr_1_12?dib=eyJ2IjoiMSJ9.QVTyZiX5P-OCYqxVTy6-zC9x4OKvgOsDte-VcYFvPENsDM1RMCio6ttkqHPPFUsebVyfY0hGDnuLnXhekKWXopaaJcgxKYBobzMHpvY80XnUaD9CIXoiofhSRGCUa4hiJWYzqkS0wYiiZvv2SxIdRy8xvOq9e-wp-XNOb90C1L-CNYoTkkKV-xVPBCEkG5DOD3p8wQi5-6cvDZJMBkZBAnzpCoNOE1vv6aN_Nu_iKDmQMovRpqR_ZnJTy9ntHBURQjjVL8Lrcs2q29HSo9Bviwsjj46g8aL6adqGnBt5pXM.cZZ-8w8mN9u3agX13Rds9Qdp_n71iGvPms_mJfetsC0&dib_tag=se&keywords=mobile&qid=1776683671&sr=8-12
The Peanutshell Crib Mobile for Girls - Pink Musical Baby Cr,"11,155",,https://www.amazon.com/Peanutshell-Floral-Musical-Digital-lullabies/dp/B08HSK6ZXB/ref=sr_1_13?dib=eyJ2IjoiMSJ9.QVTyZiX5P-OCYqxVTy6-zC9x4OKvgOsDte-VcYFvPENsDM1RMCio6ttkqHPPFUsebVyfY0hGDnuLnXhekKWXopaaJcgxKYBobzMHpvY80XnUaD9CIXoiofhSRGCUa4hiJWYzqkS0wYiiZvv2SxIdRy8xvOq9e-wp-XNOb90C1L-CNYoTkkKV-xVPBCEkG5DOD3p8wQi5-6cvDZJMBkZBAnzpCoNOE1vv6aN_Nu_iKDmQMovRpqR_ZnJTy9ntHBURQjjVL8Lrcs2q29HSo9Bviwsjj46g8aL6adqGnBt5pXM.cZZ-8w8mN9u3agX13Rds9Qdp_n71iGvPms_mJfetsC0&dib_tag=se&keywords=mobile&qid=1776683671&sr=8-13
"Disney Winnie The Pooh Classic Pooh Ivory, Sage, Butter Musi","11,155",,https://www.amazon.com/Disney-Winnie-Classic-Butter-Musical/dp/B07N6ZDJG8/ref=sr_1_14?dib=eyJ2IjoiMSJ9.QVTyZiX5P-OCYqxVTy6-zC9x4OKvgOsDte-VcYFvPENsDM1RMCio6ttkqHPPFUsebVyfY0hGDnuLnXhekKWXopaaJcgxKYBobzMHpvY80XnUaD9CIXoiofhSRGCUa4hiJWYzqkS0wYiiZvv2SxIdRy8xvOq9e-wp-XNOb90C1L-CNYoTkkKV-xVPBCEkG5DOD3p8wQi5-6cvDZJMBkZBAnzpCoNOE1vv6aN_Nu_iKDmQMovRpqR_ZnJTy9ntHBURQjjVL8Lrcs2q29HSo9Bviwsjj46g8aL6adqGnBt5pXM.cZZ-8w8mN9u3agX13Rds9Qdp_n71iGvPms_mJfetsC0&dib_tag=se&keywords=mobile&qid=1776683671&sr=8-14
Mobile,N/A,N/A,https://www.amazon.com/Mobile/dp/B0794Y5MQ6/ref=sr_1_15?dib=eyJ2IjoiMSJ9.QVTyZiX5P-OCYqxVTy6-zC9x4OKvgOsDte-VcYFvPENsDM1RMCio6ttkqHPPFUsebVyfY0hGDnuLnXhekKWXopaaJcgxKYBobzMHpvY80XnUaD9CIXoiofhSRGCUa4hiJWYzqkS0wYiiZvv2SxIdRy8xvOq9e-wp-XNOb90C1L-CNYoTkkKV-xVPBCEkG5DOD3p8wQi5-6cvDZJMBkZBAnzpCoNOE1vv6aN_Nu_iKDmQMovRpqR_ZnJTy9ntHBURQjjVL8Lrcs2q29HSo9Bviwsjj46g8aL6adqGnBt5pXM.cZZ-8w8mN9u3agX13Rds9Qdp_n71iGvPms_mJfetsC0&dib_tag=se&keywords=mobile&qid=1776683671&sr=8-15
Mobile,555,N/A,https://www.amazon.com/Mobile-Verena-Fels/dp/B0FY8DFCVR/ref=sr_1_16?dib=eyJ2IjoiMSJ9.QVTyZiX5P-OCYqxVTy6-zC9x4OKvgOsDte-VcYFvPENsDM1RMCio6ttkqHPPFUsebVyfY0hGDnuLnXhekKWXopaaJcgxKYBobzMHpvY80XnUaD9CIXoiofhSRGCUa4hiJWYzqkS0wYiiZvv2SxIdRy8xvOq9e-wp-XNOb90C1L-CNYoTkkKV-xVPBCEkG5DOD3p8wQi5-6cvDZJMBkZBAnzpCoNOE1vv6aN_Nu_iKDmQMovRpqR_ZnJTy9ntHBURQjjVL8Lrcs2q29HSo9Bviwsjj46g8aL6adqGnBt5pXM.cZZ-8w8mN9u3agX13Rds9Qdp_n71iGvPms_mJfetsC0&dib_tag=se&keywords=mobile&qid=1776683671&sr=8-16
"Samsung Galaxy A17 5G Smart Phone, 128GB, Large AMOLED, High","50,208",,https://www.amazon.com/Samsung-High-Res-Charging-Expandable-Manufacturer/dp/B0FXY18C1J/ref=sr_1_17?dib=eyJ2IjoiMSJ9.QVTyZiX5P-OCYqxVTy6-zC9x4OKvgOsDte-VcYFvPENsDM1RMCio6ttkqHPPFUsebVyfY0hGDnuLnXhekKWXopaaJcgxKYBobzMHpvY80XnUaD9CIXoiofhSRGCUa4hiJWYzqkS0wYiiZvv2SxIdRy8xvOq9e-wp-XNOb90C1L-CNYoTkkKV-xVPBCEkG5DOD3p8wQi5-6cvDZJMBkZBAnzpCoNOE1vv6aN_Nu_iKDmQMovRpqR_ZnJTy9ntHBURQjjVL8Lrcs2q29HSo9Bviwsjj46g8aL6adqGnBt5pXM.cZZ-8w8mN9u3agX13Rds9Qdp_n71iGvPms_mJfetsC0&dib_tag=se&keywords=mobile&qid=1776683671&sr=8-17
SAMSUNG Galaxy A16 4G LTE (128GB + 4GB) International Model ,"36,818",,https://www.amazon.com/SAMSUNG-International-SM-A165F-DS-Unlocked/dp/B0DT4T8D65/ref=sr_1_18?dib=eyJ2IjoiMSJ9.QVTyZiX5P-OCYqxVTy6-zC9x4OKvgOsDte-VcYFvPENsDM1RMCio6ttkqHPPFUsebVyfY0hGDnuLnXhekKWXopaaJcgxKYBobzMHpvY80XnUaD9CIXoiofhSRGCUa4hiJWYzqkS0wYiiZvv2SxIdRy8xvOq9e-wp-XNOb90C1L-CNYoTkkKV-xVPBCEkG5DOD3p8wQi5-6cvDZJMBkZBAnzpCoNOE1vv6aN_Nu_iKDmQMovRpqR_ZnJTy9ntHBURQjjVL8Lrcs2q29HSo9Bviwsjj46g8aL6adqGnBt5pXM.cZZ-8w8mN9u3agX13Rds9Qdp_n71iGvPms_mJfetsC0&dib_tag=se&keywords=mobile&qid=1776683671&sr=8-18
Montessori Mobile Baby for Crib (TINITIGIES) - Black and Whi,"10,597",,https://www.amazon.com/Montessori-Mobile-Baby-Rotate-Musical/dp/B088TCNZ52/ref=sr_1_19?dib=eyJ2IjoiMSJ9.QVTyZiX5P-OCYqxVTy6-zC9x4OKvgOsDte-VcYFvPENsDM1RMCio6ttkqHPPFUsebVyfY0hGDnuLnXhekKWXopaaJcgxKYBobzMHpvY80XnUaD9CIXoiofhSRGCUa4hiJWYzqkS0wYiiZvv2SxIdRy8xvOq9e-wp-XNOb90C1L-CNYoTkkKV-xVPBCEkG5DOD3p8wQi5-6cvDZJMBkZBAnzpCoNOE1vv6aN_Nu_iKDmQMovRpqR_ZnJTy9ntHBURQjjVL8Lrcs2q29HSo9Bviwsjj46g8aL6adqGnBt5pXM.cZZ-8w8mN9u3agX13Rds9Qdp_n71iGvPms_mJfetsC0&dib_tag=se&keywords=mobile&qid=1776683671&sr=8-19
"Crib Mobile Holder, HBM Wooden Mobile Arm & Hanger for Crib,","5,576",,https://www.amazon.com/Baby-Crib-Mobile-Arm-WoodenMobile/dp/B08XQLZFC5/ref=sr_1_20?dib=eyJ2IjoiMSJ9.QVTyZiX5P-OCYqxVTy6-zC9x4OKvgOsDte-VcYFvPENsDM1RMCio6ttkqHPPFUsebVyfY0hGDnuLnXhekKWXopaaJcgxKYBobzMHpvY80XnUaD9CIXoiofhSRGCUa4hiJWYzqkS0wYiiZvv2SxIdRy8xvOq9e-wp-XNOb90C1L-CNYoTkkKV-xVPBCEkG5DOD3p8wQi5-6cvDZJMBkZBAnzpCoNOE1vv6aN_Nu_iKDmQMovRpqR_ZnJTy9ntHBURQjjVL8Lrcs2q29HSo9Bviwsjj46g8aL6adqGnBt5pXM.cZZ-8w8mN9u3agX13Rds9Qdp_n71iGvPms_mJfetsC0&dib_tag=se&keywords=mobile&qid=1776683671&sr=8-20
"Crib Mobile 35 Lullaby Music, Cotton Baby Mobiles for Cribs ","12,271",,https://www.amazon.com/COTTONBEBE-Lullaby-Organic-Mobiles-Install/dp/B0CTGY5D8J/ref=sr_1_21?dib=eyJ2IjoiMSJ9.QVTyZiX5P-OCYqxVTy6-zC9x4OKvgOsDte-VcYFvPENsDM1RMCio6ttkqHPPFUsebVyfY0hGDnuLnXhekKWXopaaJcgxKYBobzMHpvY80XnUaD9CIXoiofhSRGCUa4hiJWYzqkS0wYiiZvv2SxIdRy8xvOq9e-wp-XNOb90C1L-CNYoTkkKV-xVPBCEkG5DOD3p8wQi5-6cvDZJMBkZBAnzpCoNOE1vv6aN_Nu_iKDmQMovRpqR_ZnJTy9ntHBURQjjVL8Lrcs2q29HSo9Bviwsjj46g8aL6adqGnBt5pXM.cZZ-8w8mN9u3agX13Rds9Qdp_n71iGvPms_mJfetsC0&dib_tag=se&keywords=mobile&qid=1776683671&sr=8-21
"DJI Osmo Mobile 7P Gimbal Stabilizer for iPhone, Android, Na","27,616",,https://www.amazon.com/DJI-6941565997517-Osmo-Mobile-Gimbal/dp/B07FTG84SW/ref=sr_1_22?dib=eyJ2IjoiMSJ9.QVTyZiX5P-OCYqxVTy6-zC9x4OKvgOsDte-VcYFvPENsDM1RMCio6ttkqHPPFUsebVyfY0hGDnuLnXhekKWXopaaJcgxKYBobzMHpvY80XnUaD9CIXoiofhSRGCUa4hiJWYzqkS0wYiiZvv2SxIdRy8xvOq9e-wp-XNOb90C1L-CNYoTkkKV-xVPBCEkG5DOD3p8wQi5-6cvDZJMBkZBAnzpCoNOE1vv6aN_Nu_iKDmQMovRpqR_ZnJTy9ntHBURQjjVL8Lrcs2q29HSo9Bviwsjj46g8aL6adqGnBt5pXM.cZZ-8w8mN9u3agX13Rds9Qdp_n71iGvPms_mJfetsC0&dib_tag=se&keywords=mobile&qid=1776683671&sr=8-22
"DJI Osmo Mobile 7 Gimbal Stabilizer for iPhone, Android, Bui","16,458",,https://www.amazon.com/DJI-Stabilizer-Ultra-Light-Comfortable-ActiveTrack/dp/B07FSS4R16/ref=sr_1_23?dib=eyJ2IjoiMSJ9.QVTyZiX5P-OCYqxVTy6-zC9x4OKvgOsDte-VcYFvPENsDM1RMCio6ttkqHPPFUsebVyfY0hGDnuLnXhekKWXopaaJcgxKYBobzMHpvY80XnUaD9CIXoiofhSRGCUa4hiJWYzqkS0wYiiZvv2SxIdRy8xvOq9e-wp-XNOb90C1L-CNYoTkkKV-xVPBCEkG5DOD3p8wQi5-6cvDZJMBkZBAnzpCoNOE1vv6aN_Nu_iKDmQMovRpqR_ZnJTy9ntHBURQjjVL8Lrcs2q29HSo9Bviwsjj46g8aL6adqGnBt5pXM.cZZ-8w8mN9u3agX13Rds9Qdp_n71iGvPms_mJfetsC0&dib_tag=se&keywords=mobile&qid=1776683671&sr=8-23
Drive Medical Two-Button Folding Walker With Wheels - Lightw,"7,724",,https://www.amazon.com/Drive-Medical-10210-1-Lightweight-Adjustable/dp/B001HOM4U2/ref=sr_1_24?dib=eyJ2IjoiMSJ9.QVTyZiX5P-OCYqxVTy6-zC9x4OKvgOsDte-VcYFvPENsDM1RMCio6ttkqHPPFUsebVyfY0hGDnuLnXhekKWXopaaJcgxKYBobzMHpvY80XnUaD9CIXoiofhSRGCUa4hiJWYzqkS0wYiiZvv2SxIdRy8xvOq9e-wp-XNOb90C1L-CNYoTkkKV-xVPBCEkG5DOD3p8wQi5-6cvDZJMBkZBAnzpCoNOE1vv6aN_Nu_iKDmQMovRpqR_ZnJTy9ntHBURQjjVL8Lrcs2q29HSo9Bviwsjj46g8aL6adqGnBt5pXM.cZZ-8w8mN9u3agX13Rds9Qdp_n71iGvPms_mJfetsC0&dib_tag=se&keywords=mobile&qid=1776683671&sr=8-24
"Montessori Mobile, Black and White Mobile for Baby, Woodland","5,565",,https://www.amazon.com/Vlokup-Montessori-Woodland-Neutral-Decoration/dp/B0B14F39Y3/ref=sr_1_25?dib=eyJ2IjoiMSJ9.QVTyZiX5P-OCYqxVTy6-zC9x4OKvgOsDte-VcYFvPENsDM1RMCio6ttkqHPPFUsebVyfY0hGDnuLnXhekKWXopaaJcgxKYBobzMHpvY80XnUaD9CIXoiofhSRGCUa4hiJWYzqkS0wYiiZvv2SxIdRy8xvOq9e-wp-XNOb90C1L-CNYoTkkKV-xVPBCEkG5DOD3p8wQi5-6cvDZJMBkZBAnzpCoNOE1vv6aN_Nu_iKDmQMovRpqR_ZnJTy9ntHBURQjjVL8Lrcs2q29HSo9Bviwsjj46g8aL6adqGnBt5pXM.cZZ-8w8mN9u3agX13Rds9Qdp_n71iGvPms_mJfetsC0&dib_tag=se&keywords=mobile&qid=1776683671&sr=8-25
let's make Baby Crib Mobile for Boys Girls| Boho Nursery Mob,"6,689",,https://www.amazon.com/Mobile-Nursery-Neutral-Hand-Crocheted-Ceiling/dp/B0BBZZ1SXT/ref=sr_1_26?dib=eyJ2IjoiMSJ9.QVTyZiX5P-OCYqxVTy6-zC9x4OKvgOsDte-VcYFvPENsDM1RMCio6ttkqHPPFUsebVyfY0hGDnuLnXhekKWXopaaJcgxKYBobzMHpvY80XnUaD9CIXoiofhSRGCUa4hiJWYzqkS0wYiiZvv2SxIdRy8xvOq9e-wp-XNOb90C1L-CNYoTkkKV-xVPBCEkG5DOD3p8wQi5-6cvDZJMBkZBAnzpCoNOE1vv6aN_Nu_iKDmQMovRpqR_ZnJTy9ntHBURQjjVL8Lrcs2q29HSo9Bviwsjj46g8aL6adqGnBt5pXM.cZZ-8w8mN9u3agX13Rds9Qdp_n71iGvPms_mJfetsC0&dib_tag=se&keywords=mobile&qid=1776683671&sr=8-26
Floor-Standing Crib Mobile Arm with Music Box - 65 Inch Mobi,"9,760",,https://www.amazon.com/Floor-Standing-Crib-Mobile-Arm-Music/dp/B0D8HYFKK8/ref=sr_1_27?dib=eyJ2IjoiMSJ9.QVTyZiX5P-OCYqxVTy6-zC9x4OKvgOsDte-VcYFvPENsDM1RMCio6ttkqHPPFUsebVyfY0hGDnuLnXhekKWXopaaJcgxKYBobzMHpvY80XnUaD9CIXoiofhSRGCUa4hiJWYzqkS0wYiiZvv2SxIdRy8xvOq9e-wp-XNOb90C1L-CNYoTkkKV-xVPBCEkG5DOD3p8wQi5-6cvDZJMBkZBAnzpCoNOE1vv6aN_Nu_iKDmQMovRpqR_ZnJTy9ntHBURQjjVL8Lrcs2q29HSo9Bviwsjj46g8aL6adqGnBt5pXM.cZZ-8w8mN9u3agX13Rds9Qdp_n71iGvPms_mJfetsC0&dib_tag=se&keywords=mobile&qid=1776683671&sr=8-27
"Crib Mobile with Music and Lights, Baby Mobiles for Cribs, N","5,576",,https://www.amazon.com/RSEPD-Mobiles-Bassinets-Portable-Attachment/dp/B0CMX6JH1V/ref=sr_1_28?dib=eyJ2IjoiMSJ9.QVTyZiX5P-OCYqxVTy6-zC9x4OKvgOsDte-VcYFvPENsDM1RMCio6ttkqHPPFUsebVyfY0hGDnuLnXhekKWXopaaJcgxKYBobzMHpvY80XnUaD9CIXoiofhSRGCUa4hiJWYzqkS0wYiiZvv2SxIdRy8xvOq9e-wp-XNOb90C1L-CNYoTkkKV-xVPBCEkG5DOD3p8wQi5-6cvDZJMBkZBAnzpCoNOE1vv6aN_Nu_iKDmQMovRpqR_ZnJTy9ntHBURQjjVL8Lrcs2q29HSo9Bviwsjj46g8aL6adqGnBt5pXM.cZZ-8w8mN9u3agX13Rds9Qdp_n71iGvPms_mJfetsC0&dib_tag=se&keywords=mobile&qid=1776683671&sr=8-28
Baby Mobile Rotary Music Box Imitation Wood with Rotating Ho,"4,028",,https://www.amazon.com/Baby-Mobile-Music-Box-Attachments/dp/B09ZTWQYP3/ref=sr_1_29?dib=eyJ2IjoiMSJ9.QVTyZiX5P-OCYqxVTy6-zC9x4OKvgOsDte-VcYFvPENsDM1RMCio6ttkqHPPFUsebVyfY0hGDnuLnXhekKWXopaaJcgxKYBobzMHpvY80XnUaD9CIXoiofhSRGCUa4hiJWYzqkS0wYiiZvv2SxIdRy8xvOq9e-wp-XNOb90C1L-CNYoTkkKV-xVPBCEkG5DOD3p8wQi5-6cvDZJMBkZBAnzpCoNOE1vv6aN_Nu_iKDmQMovRpqR_ZnJTy9ntHBURQjjVL8Lrcs2q29HSo9Bviwsjj46g8aL6adqGnBt5pXM.cZZ-8w8mN9u3agX13Rds9Qdp_n71iGvPms_mJfetsC0&dib_tag=se&keywords=mobile&qid=1776683671&sr=8-29
Montessori Mobile Baby for Crib (TINITIGIES) - Black and Whi,"11,155",,https://www.amazon.com/EVERLOVE-Montessori-Digital-lullabies-Rotating/dp/B09PZ6LZJD/ref=sr_1_30?dib=eyJ2IjoiMSJ9.QVTyZiX5P-OCYqxVTy6-zC9x4OKvgOsDte-VcYFvPENsDM1RMCio6ttkqHPPFUsebVyfY0hGDnuLnXhekKWXopaaJcgxKYBobzMHpvY80XnUaD9CIXoiofhSRGCUa4hiJWYzqkS0wYiiZvv2SxIdRy8xvOq9e-wp-XNOb90C1L-CNYoTkkKV-xVPBCEkG5DOD3p8wQi5-6cvDZJMBkZBAnzpCoNOE1vv6aN_Nu_iKDmQMovRpqR_ZnJTy9ntHBURQjjVL8Lrcs2q29HSo9Bviwsjj46g8aL6adqGnBt5pXM.cZZ-8w8mN9u3agX13Rds9Qdp_n71iGvPms_mJfetsC0&dib_tag=se&keywords=mobile&qid=1776683671&sr=8-30
Woodland Mobile for Crib Bear Baby Mobile for Crib Woodland ,"8,365",,https://www.amazon.com/Woodland-Mobile-Theme-Nursery-D%C3%A9cor/dp/B0C8Y6DYRB/ref=sr_1_31?dib=eyJ2IjoiMSJ9.QVTyZiX5P-OCYqxVTy6-zC9x4OKvgOsDte-VcYFvPENsDM1RMCio6ttkqHPPFUsebVyfY0hGDnuLnXhekKWXopaaJcgxKYBobzMHpvY80XnUaD9CIXoiofhSRGCUa4hiJWYzqkS0wYiiZvv2SxIdRy8xvOq9e-wp-XNOb90C1L-CNYoTkkKV-xVPBCEkG5DOD3p8wQi5-6cvDZJMBkZBAnzpCoNOE1vv6aN_Nu_iKDmQMovRpqR_ZnJTy9ntHBURQjjVL8Lrcs2q29HSo9Bviwsjj46g8aL6adqGnBt5pXM.cZZ-8w8mN9u3agX13Rds9Qdp_n71iGvPms_mJfetsC0&dib_tag=se&keywords=mobile&qid=1776683671&sr=8-31
DJI Osmo Mobile 8 Advanced Tracking Combo Gimbal Stabilizer ,N/A,N/A,https://www.amazon.com/DJI-Stabilizer-Tracking-Extension-Stabilization/dp/B0FJ2L67HJ/ref=sr_1_32?dib=eyJ2IjoiMSJ9.QVTyZiX5P-OCYqxVTy6-zC9x4OKvgOsDte-VcYFvPENsDM1RMCio6ttkqHPPFUsebVyfY0hGDnuLnXhekKWXopaaJcgxKYBobzMHpvY80XnUaD9CIXoiofhSRGCUa4hiJWYzqkS0wYiiZvv2SxIdRy8xvOq9e-wp-XNOb90C1L-CNYoTkkKV-xVPBCEkG5DOD3p8wQi5-6cvDZJMBkZBAnzpCoNOE1vv6aN_Nu_iKDmQMovRpqR_ZnJTy9ntHBURQjjVL8Lrcs2q29HSo9Bviwsjj46g8aL6adqGnBt5pXM.cZZ-8w8mN9u3agX13Rds9Qdp_n71iGvPms_mJfetsC0&dib_tag=se&keywords=mobile&qid=1776683671&sr=8-32
Dinosaur Crib Mobile – Grey and Green Dino Baby Crib Mobile ,"10,318",,https://www.amazon.com/PIIKAGO-Dinosaur-Crib-Mobile-Jurassic/dp/B0DQDD9C83/ref=sr_1_33?dib=eyJ2IjoiMSJ9.QVTyZiX5P-OCYqxVTy6-zC9x4OKvgOsDte-VcYFvPENsDM1RMCio6ttkqHPPFUsebVyfY0hGDnuLnXhekKWXopaaJcgxKYBobzMHpvY80XnUaD9CIXoiofhSRGCUa4hiJWYzqkS0wYiiZvv2SxIdRy8xvOq9e-wp-XNOb90C1L-CNYoTkkKV-xVPBCEkG5DOD3p8wQi5-6cvDZJMBkZBAnzpCoNOE1vv6aN_Nu_iKDmQMovRpqR_ZnJTy9ntHBURQjjVL8Lrcs2q29HSo9Bviwsjj46g8aL6adqGnBt5pXM.cZZ-8w8mN9u3agX13Rds9Qdp_n71iGvPms_mJfetsC0&dib_tag=se&keywords=mobile&qid=1776683671&sr=8-33
"Motorola Moto G 5G 2024 (128GB, 4GB) 6.6"", 50MP Dual Camera,",N/A,,https://www.amazon.com/Motorola-Moto-5G-2024-Unlocked/dp/B0DCGQJ6ZC/ref=sr_1_34?dib=eyJ2IjoiMSJ9.QVTyZiX5P-OCYqxVTy6-zC9x4OKvgOsDte-VcYFvPENsDM1RMCio6ttkqHPPFUsebVyfY0hGDnuLnXhekKWXopaaJcgxKYBobzMHpvY80XnUaD9CIXoiofhSRGCUa4hiJWYzqkS0wYiiZvv2SxIdRy8xvOq9e-wp-XNOb90C1L-CNYoTkkKV-xVPBCEkG5DOD3p8wQi5-6cvDZJMBkZBAnzpCoNOE1vv6aN_Nu_iKDmQMovRpqR_ZnJTy9ntHBURQjjVL8Lrcs2q29HSo9Bviwsjj46g8aL6adqGnBt5pXM.cZZ-8w8mN9u3agX13Rds9Qdp_n71iGvPms_mJfetsC0&dib_tag=se&keywords=mobile&qid=1776683671&sr=8-34
"teytoy My First Baby Crib Mobile, Black and White Baby Mobil","7,947",,https://www.amazon.com/teytoy-Montessori-Contrast-Newborn-Infants/dp/B08VNS5B4V/ref=sr_1_35?dib=eyJ2IjoiMSJ9.QVTyZiX5P-OCYqxVTy6-zC9x4OKvgOsDte-VcYFvPENsDM1RMCio6ttkqHPPFUsebVyfY0hGDnuLnXhekKWXopaaJcgxKYBobzMHpvY80XnUaD9CIXoiofhSRGCUa4hiJWYzqkS0wYiiZvv2SxIdRy8xvOq9e-wp-XNOb90C1L-CNYoTkkKV-xVPBCEkG5DOD3p8wQi5-6cvDZJMBkZBAnzpCoNOE1vv6aN_Nu_iKDmQMovRpqR_ZnJTy9ntHBURQjjVL8Lrcs2q29HSo9Bviwsjj46g8aL6adqGnBt5pXM.cZZ-8w8mN9u3agX13Rds9Qdp_n71iGvPms_mJfetsC0&dib_tag=se&keywords=mobile&qid=1776683671&sr=8-35
The Peanutshell Crib Mobile for Boys or Girls - Woodgrain Mu,"12,549",,https://www.amazon.com/The-Peanutshell-Woodland-Crib-Mobile/dp/B0CDN1W7RY/ref=sr_1_36?dib=eyJ2IjoiMSJ9.QVTyZiX5P-OCYqxVTy6-zC9x4OKvgOsDte-VcYFvPENsDM1RMCio6ttkqHPPFUsebVyfY0hGDnuLnXhekKWXopaaJcgxKYBobzMHpvY80XnUaD9CIXoiofhSRGCUa4hiJWYzqkS0wYiiZvv2SxIdRy8xvOq9e-wp-XNOb90C1L-CNYoTkkKV-xVPBCEkG5DOD3p8wQi5-6cvDZJMBkZBAnzpCoNOE1vv6aN_Nu_iKDmQMovRpqR_ZnJTy9ntHBURQjjVL8Lrcs2q29HSo9Bviwsjj46g8aL6adqGnBt5pXM.cZZ-8w8mN9u3agX13Rds9Qdp_n71iGvPms_mJfetsC0&dib_tag=se&keywords=mobile&qid=1776683671&sr=8-36
let's make Crib Mobile for Baby Boys Girls Ocean Whale Nurse,"6,692",,https://www.amazon.com/Nursery-Neutral-Handmade-Christmas-Birthday/dp/B0CWH28D6X/ref=sr_1_37?dib=eyJ2IjoiMSJ9.QVTyZiX5P-OCYqxVTy6-zC9x4OKvgOsDte-VcYFvPENsDM1RMCio6ttkqHPPFUsebVyfY0hGDnuLnXhekKWXopaaJcgxKYBobzMHpvY80XnUaD9CIXoiofhSRGCUa4hiJWYzqkS0wYiiZvv2SxIdRy8xvOq9e-wp-XNOb90C1L-CNYoTkkKV-xVPBCEkG5DOD3p8wQi5-6cvDZJMBkZBAnzpCoNOE1vv6aN_Nu_iKDmQMovRpqR_ZnJTy9ntHBURQjjVL8Lrcs2q29HSo9Bviwsjj46g8aL6adqGnBt5pXM.cZZ-8w8mN9u3agX13Rds9Qdp_n71iGvPms_mJfetsC0&dib_tag=se&keywords=mobile&qid=1776683671&sr=8-37
Boho Cloud Moon Crib Mobile Boho Baby Mobile for Crib Neutra,"8,365",,https://www.amazon.com/Goukurlsma-Mobile-Neutral-Clouds-Nursery/dp/B0DL529V5W/ref=sr_1_38?dib=eyJ2IjoiMSJ9.QVTyZiX5P-OCYqxVTy6-zC9x4OKvgOsDte-VcYFvPENsDM1RMCio6ttkqHPPFUsebVyfY0hGDnuLnXhekKWXopaaJcgxKYBobzMHpvY80XnUaD9CIXoiofhSRGCUa4hiJWYzqkS0wYiiZvv2SxIdRy8xvOq9e-wp-XNOb90C1L-CNYoTkkKV-xVPBCEkG5DOD3p8wQi5-6cvDZJMBkZBAnzpCoNOE1vv6aN_Nu_iKDmQMovRpqR_ZnJTy9ntHBURQjjVL8Lrcs2q29HSo9Bviwsjj46g8aL6adqGnBt5pXM.cZZ-8w8mN9u3agX13Rds9Qdp_n71iGvPms_mJfetsC0&dib_tag=se&keywords=mobile&qid=1776683671&sr=8-38
"PERLESMITH Rolling TV Stand, Mobile TV Stand for 23-60 Inch ","11,155",,https://www.amazon.com/PERLESMITH-400x400-Portable-Adjustable-PSTVMC06/dp/B084SW7WFY/ref=sr_1_39?dib=eyJ2IjoiMSJ9.QVTyZiX5P-OCYqxVTy6-zC9x4OKvgOsDte-VcYFvPENsDM1RMCio6ttkqHPPFUsebVyfY0hGDnuLnXhekKWXopaaJcgxKYBobzMHpvY80XnUaD9CIXoiofhSRGCUa4hiJWYzqkS0wYiiZvv2SxIdRy8xvOq9e-wp-XNOb90C1L-CNYoTkkKV-xVPBCEkG5DOD3p8wQi5-6cvDZJMBkZBAnzpCoNOE1vv6aN_Nu_iKDmQMovRpqR_ZnJTy9ntHBURQjjVL8Lrcs2q29HSo9Bviwsjj46g8aL6adqGnBt5pXM.cZZ-8w8mN9u3agX13Rds9Qdp_n71iGvPms_mJfetsC0&dib_tag=se&keywords=mobile&qid=1776683671&sr=8-39
Baby Mobile Kit Frame DIY for Crib Decorative Natural Wooden,"3,902",,https://www.amazon.com/Decorative-Natural-Equipment-Creative-Accessories/dp/B0DK4ZGGDC/ref=sr_1_40?dib=eyJ2IjoiMSJ9.QVTyZiX5P-OCYqxVTy6-zC9x4OKvgOsDte-VcYFvPENsDM1RMCio6ttkqHPPFUsebVyfY0hGDnuLnXhekKWXopaaJcgxKYBobzMHpvY80XnUaD9CIXoiofhSRGCUa4hiJWYzqkS0wYiiZvv2SxIdRy8xvOq9e-wp-XNOb90C1L-CNYoTkkKV-xVPBCEkG5DOD3p8wQi5-6cvDZJMBkZBAnzpCoNOE1vv6aN_Nu_iKDmQMovRpqR_ZnJTy9ntHBURQjjVL8Lrcs2q29HSo9Bviwsjj46g8aL6adqGnBt5pXM.cZZ-8w8mN9u3agX13Rds9Qdp_n71iGvPms_mJfetsC0&dib_tag=se&keywords=mobile&qid=1776683671&sr=8-40
Samsung Galaxy A10e 32GB A102U GSM Unlocked Phone - Black (R,N/A,,https://www.amazon.com/Samsung-Galaxy-A102U-Unlocked-Phone/dp/B084KS5WYC/ref=sr_1_41?dib=eyJ2IjoiMSJ9.QVTyZiX5P-OCYqxVTy6-zC9x4OKvgOsDte-VcYFvPENsDM1RMCio6ttkqHPPFUsebVyfY0hGDnuLnXhekKWXopaaJcgxKYBobzMHpvY80XnUaD9CIXoiofhSRGCUa4hiJWYzqkS0wYiiZvv2SxIdRy8xvOq9e-wp-XNOb90C1L-CNYoTkkKV-xVPBCEkG5DOD3p8wQi5-6cvDZJMBkZBAnzpCoNOE1vv6aN_Nu_iKDmQMovRpqR_ZnJTy9ntHBURQjjVL8Lrcs2q29HSo9Bviwsjj46g8aL6adqGnBt5pXM.cZZ-8w8mN9u3agX13Rds9Qdp_n71iGvPms_mJfetsC0&dib_tag=se&keywords=mobile&qid=1776683671&sr=8-41
DUMOS Small Standing Desk Mobile Portable Rolling Laptop PC ,"12,795",,https://www.amazon.com/DUMOS-Standing-Portable-Adjustable-Workstation/dp/B0DG8Q8JTZ/ref=sr_1_42?dib=eyJ2IjoiMSJ9.QVTyZiX5P-OCYqxVTy6-zC9x4OKvgOsDte-VcYFvPENsDM1RMCio6ttkqHPPFUsebVyfY0hGDnuLnXhekKWXopaaJcgxKYBobzMHpvY80XnUaD9CIXoiofhSRGCUa4hiJWYzqkS0wYiiZvv2SxIdRy8xvOq9e-wp-XNOb90C1L-CNYoTkkKV-xVPBCEkG5DOD3p8wQi5-6cvDZJMBkZBAnzpCoNOE1vv6aN_Nu_iKDmQMovRpqR_ZnJTy9ntHBURQjjVL8Lrcs2q29HSo9Bviwsjj46g8aL6adqGnBt5pXM.cZZ-8w8mN9u3agX13Rds9Qdp_n71iGvPms_mJfetsC0&dib_tag=se&keywords=mobile&qid=1776683671&sr=8-42
"Brother DS-640 Compact Mobile Document Scanner, (Model: DS64",N/A,,https://www.amazon.com/Brother-DS-640-Compact-Document-Scanner/dp/B083R36CY4/ref=sr_1_43?dib=eyJ2IjoiMSJ9.QVTyZiX5P-OCYqxVTy6-zC9x4OKvgOsDte-VcYFvPENsDM1RMCio6ttkqHPPFUsebVyfY0hGDnuLnXhekKWXopaaJcgxKYBobzMHpvY80XnUaD9CIXoiofhSRGCUa4hiJWYzqkS0wYiiZvv2SxIdRy8xvOq9e-wp-XNOb90C1L-CNYoTkkKV-xVPBCEkG5DOD3p8wQi5-6cvDZJMBkZBAnzpCoNOE1vv6aN_Nu_iKDmQMovRpqR_ZnJTy9ntHBURQjjVL8Lrcs2q29HSo9Bviwsjj46g8aL6adqGnBt5pXM.cZZ-8w8mN9u3agX13Rds9Qdp_n71iGvPms_mJfetsC0&dib_tag=se&keywords=mobile&qid=1776683671&sr=8-43
"Baby Crib Mobile for Boys and Girls, Floral Mobile for Crib,","6,970",,https://www.amazon.com/Mobile-Butterfly-Nursery-Hanging-Newborn/dp/B0FX11V6LZ/ref=sr_1_44?dib=eyJ2IjoiMSJ9.QVTyZiX5P-OCYqxVTy6-zC9x4OKvgOsDte-VcYFvPENsDM1RMCio6ttkqHPPFUsebVyfY0hGDnuLnXhekKWXopaaJcgxKYBobzMHpvY80XnUaD9CIXoiofhSRGCUa4hiJWYzqkS0wYiiZvv2SxIdRy8xvOq9e-wp-XNOb90C1L-CNYoTkkKV-xVPBCEkG5DOD3p8wQi5-6cvDZJMBkZBAnzpCoNOE1vv6aN_Nu_iKDmQMovRpqR_ZnJTy9ntHBURQjjVL8Lrcs2q29HSo9Bviwsjj46g8aL6adqGnBt5pXM.cZZ-8w8mN9u3agX13Rds9Qdp_n71iGvPms_mJfetsC0&dib_tag=se&keywords=mobile&qid=1776683671&sr=8-44
PERLESMITH Rolling TV Stand on Wheels for 23-60 Inch Flat Cu,"11,149",,https://www.amazon.com/PERLESMITH-Outdoor-Adjustable-Monitor-400x400mm/dp/B0BYSC5TG5/ref=sr_1_45?dib=eyJ2IjoiMSJ9.QVTyZiX5P-OCYqxVTy6-zC9x4OKvgOsDte-VcYFvPENsDM1RMCio6ttkqHPPFUsebVyfY0hGDnuLnXhekKWXopaaJcgxKYBobzMHpvY80XnUaD9CIXoiofhSRGCUa4hiJWYzqkS0wYiiZvv2SxIdRy8xvOq9e-wp-XNOb90C1L-CNYoTkkKV-xVPBCEkG5DOD3p8wQi5-6cvDZJMBkZBAnzpCoNOE1vv6aN_Nu_iKDmQMovRpqR_ZnJTy9ntHBURQjjVL8Lrcs2q29HSo9Bviwsjj46g8aL6adqGnBt5pXM.cZZ-8w8mN9u3agX13Rds9Qdp_n71iGvPms_mJfetsC0&dib_tag=se&keywords=mobile&qid=1776683671&sr=8-45
Dinosaur Crib Mobile – High-Contrast Black & White Nursery D,"6,666",,https://www.amazon.com/Montessori-Baby-Mobile-Handmade-Development/dp/B0F9FTWQ15/ref=sr_1_46?dib=eyJ2IjoiMSJ9.QVTyZiX5P-OCYqxVTy6-zC9x4OKvgOsDte-VcYFvPENsDM1RMCio6ttkqHPPFUsebVyfY0hGDnuLnXhekKWXopaaJcgxKYBobzMHpvY80XnUaD9CIXoiofhSRGCUa4hiJWYzqkS0wYiiZvv2SxIdRy8xvOq9e-wp-XNOb90C1L-CNYoTkkKV-xVPBCEkG5DOD3p8wQi5-6cvDZJMBkZBAnzpCoNOE1vv6aN_Nu_iKDmQMovRpqR_ZnJTy9ntHBURQjjVL8Lrcs2q29HSo9Bviwsjj46g8aL6adqGnBt5pXM.cZZ-8w8mN9u3agX13Rds9Qdp_n71iGvPms_mJfetsC0&dib_tag=se&keywords=mobile&qid=1776683671&sr=8-46
Cloud Crib Mobile Baby Mobile for Crib Neutral Boho Moon and,"9,202",,https://www.amazon.com/Mobile-Neutral-Clouds-Nursery-Boucle/dp/B0DHFV9NWW/ref=sr_1_47?dib=eyJ2IjoiMSJ9.QVTyZiX5P-OCYqxVTy6-zC9x4OKvgOsDte-VcYFvPENsDM1RMCio6ttkqHPPFUsebVyfY0hGDnuLnXhekKWXopaaJcgxKYBobzMHpvY80XnUaD9CIXoiofhSRGCUa4hiJWYzqkS0wYiiZvv2SxIdRy8xvOq9e-wp-XNOb90C1L-CNYoTkkKV-xVPBCEkG5DOD3p8wQi5-6cvDZJMBkZBAnzpCoNOE1vv6aN_Nu_iKDmQMovRpqR_ZnJTy9ntHBURQjjVL8Lrcs2q29HSo9Bviwsjj46g8aL6adqGnBt5pXM.cZZ-8w8mN9u3agX13Rds9Qdp_n71iGvPms_mJfetsC0&dib_tag=se&keywords=mobile&qid=1776683671&sr=8-47
Baby Mobile for Crib Mallard Duck Baby Crib Mobile for Boys ,"6,968",,https://www.amazon.com/Mallard-Handmade-Nursery-Hunting-Bassinet/dp/B0DJ12K9HD/ref=sr_1_48?dib=eyJ2IjoiMSJ9.QVTyZiX5P-OCYqxVTy6-zC9x4OKvgOsDte-VcYFvPENsDM1RMCio6ttkqHPPFUsebVyfY0hGDnuLnXhekKWXopaaJcgxKYBobzMHpvY80XnUaD9CIXoiofhSRGCUa4hiJWYzqkS0wYiiZvv2SxIdRy8xvOq9e-wp-XNOb90C1L-CNYoTkkKV-xVPBCEkG5DOD3p8wQi5-6cvDZJMBkZBAnzpCoNOE1vv6aN_Nu_iKDmQMovRpqR_ZnJTy9ntHBURQjjVL8Lrcs2q29HSo9Bviwsjj46g8aL6adqGnBt5pXM.cZZ-8w8mN9u3agX13Rds9Qdp_n71iGvPms_mJfetsC0&dib_tag=se&keywords=mobile&qid=1776683671&sr=8-48
