name,price,rating,sold
"Samsung Galaxy S26 Ultra, Unlocked Android Smartphone, 512GB, Privacy Display, Galaxy AI, AI Camera, Super Fast Charging 3.0, Durable Battery, 2026, US 1 Year Warranty, Black","361,885.19",,Available
"Samsung Galaxy A16 4G Dual SIM (128GB, 2025) 6.7"" 90Hz AMOLED, Splash Resistant, 8Core, 50MP Camera (Factory Unlocked International Model for GSM, Global) A165M/DS (25W Fast Charger Bundle, Grey)","36,241.21",,Available
Moto G Power 5G | 2024 | Unlocked | Made for US 8/128GB | 50MP Camera | Midnight Blue,"35,457.78",,Available
Motorola razr+ | 2023 | Unlocked | Made for US 8/256 | 32 MPCamera |Blue,"274,495.33",,Sold
EERKEOD Baby Crib Mobile Bear Nursery Mobile for Boys Girls Teddy Velvet Mobile Nursery Decor for Infant Bedroom Hanging Baby Mobile for Bassinet Newborn Baby Gift（Brown Bear）,"6,688.41",,Available
Motorola Moto G Play | 2024 | Unlocked | Made for US 4/64GB | 50MP Camera | Sapphire Blue,"30,665.21",,Available
"Samsung Galaxy S26, Unlocked Android Smartphone, 256GB, Powerful Processor, Galaxy AI, Immersive Viewing, Durable Battery, 2026, US 1 Year Warranty, Black","223,037.21",,Available
"Samsung Galaxy A16 4G LTE (128GB + 4GB) International Model SM-A165F/DS Factory Unlocked, 6.7"", Dual SIM, 50MP Triple Camera (Case Bundle), Black","37,211.44",,Available
"Samsung Galaxy A17 5G Smart Phone, 128GB, Large AMOLED, High-Res Camera, Durable Design, Super Fast Charging, Expandable Storage, Circle to Search, 2025, US 1 Yr Manufacturer Warranty, Black","55,757.21",,Available
"Baby Crib Mobile with Music and Lights, Nursery Baby Mobile for Crib Bassinet with Remote Control, Rotation, Starlight Projection, Crib Toys for Babies Boys Girls Green","8,361.21",,Available
"Baby Mobile for Crib, Baby Crib Mobile for Boys Girls, Baby Mobile for Bassinet, Boho Nursery Mobile, Nursery Decor Theme for Infant Bedroom Hanging, Gender Neutral Baby Gift","6,688.41",,Available
"Crib Mobile Holder, HBM Wooden Mobile Arm & Hanger for Crib, Nursery Decor for Baby Girl Boy","5,573.21",,Available
"The Peanutshell Crib Mobile for Girls - Pink and White Musical Baby Crib Mobile with 12 Lullabies, Forest Baby Little Forest Nursery Decor","11,149.21",,Available
"Montessori Mobile, Black and White Mobile for Baby, Woodland Baby Crib Mobile for Boys Girls, Neutral Nursery Mobile High Contrast Mobile for Pack N Play, Nursery Decor Woodland","5,562.06",,Available
"The Peanutshell Crib Mobile for Boys or Girls - White Musical Baby Crib Mobile with 12 Lullabies, Jungle Animal, Baby Safari Animals Nursery Decor","11,149.21",,Available
"The Peanutshell Crib Mobile for Boys or Girls - Light and Dark Blue Musical Baby Crib Mobile with 12 Lullabies, Ocean Baby Nautical Nursery Decor","11,149.21",,Available
"TCL 60 XE NXTPAPER 5G Cell Phone, AT&T, T-Mobile & Verizon Unlocked Android Smartphone, 8GB+128GB, 6.8"" 120Hz Paper-Like Display, AI Features, 5010mAh Battery, Advanced Camera System, Space Blue","55,757.21",,Available
"Verizon Prepaid Motorola Moto G 2025, 64GB, 5G, 50MP Camera System, 6.7"" 120Hz Display, 5000mAh Battery - Locked to Verizon Prepaid - Blue","11,118.54",,Available
"Motorola Moto Edge 50 Fusion 5G (XT2429-1) Dual Sim | GSM Unlocked | 6.7"" P-OLED 120Hz Display | 8GB Ram 256GB Storage - International Version - (Pink)","75,276.00",,Sold
Mobile,554.81,N/A,Sold
"DJI Osmo Mobile 8 Advanced Tracking Combo Gimbal Stabilizer for Phone, AI Native Tracking with Audio & Lighting, 360° Pan Rotation, Built-in Extension Rod & Tripod, 10h Battery, Extension Rod","34,850.00",,Available
Montessori Mobile Baby for Crib (TINITIGIES) - Black and White Mobile Give Visual Stimulation to Engage Your Newborn - Baby Crib Mobile for Boys & Girls - Baby Mobile for Crib (Geometry),"10,591.61",,Available
"Samsung Galaxy A10e 32GB A102U GSM Unlocked Phone - Black (Renewed) | A102U, GSM, Phone",N/A,,Available
"TracFone Samsung Galaxy A16 5G, 128GB, 50MP Triple Camera, Android 6.7"" FHD+ Super AMOLED 90Hz Display [Activation Promotion Incl: 1500Min/1500Txt/1500MB, 365 Days Service Plan] Locked to BLK","22,301.21",,Available
"Verizon Prepaid Samsung Galaxy A16 5G, 128GB, 50MP Triple Camera, Android Smartphone, 6.5"" FHD+ Super AMOLED 90Hz Display, Long-Lasting Battery - Locked to Verizon - Awesome Black","13,906.54",,Sold
"Tracfone Samsung Galaxy A26 5G, 128GB Storage | 6.7” FHD+ 120Hz Super AMOLED Display | 50MP OIS Camera | 5000mAh Battery | Tracfone Locked | Prepaid Smartphone - Black","47,393.21",,Available
"Motorola Moto G56 5G (8/256 GB, Camera 50 MP + Flicker Protection Sensor, Display 6.72 inch FHD+ 120 Hz, Battery 5200 mAh, MediaTek Dimensity 7060, Android 15), PANTONE Dill","61,336.00",,Sold
"DJI Osmo Mobile 7P Gimbal Stabilizer for iPhone, Android, Native Tracking, Lighting, 3-Axis Phone Gimbal, Quick Launch, One-Tap Edit, Built-in Extension Rod & Tripod, 10hrs Use, Phone Charging","27,601.20",,Available
"let's make Baby Crib Mobile for Boys Girls| Boho Nursery Mobile| Gender Neutral Hand-Crocheted Mobile| Ceiling Mobile - Stars, Clouds, Moon","6,685.62",,Available
Baby Mobile Rotary Music Box Imitation Wood with Rotating Hook Crib Mobile Motor,"4,025.87",,Available
"Crib Mobile with Music and Lights, Baby Mobiles for Cribs, Nursery Musical Mobile for Bassinets Toys Hanging Girls Boys, Pack and Play Space Portable Animal Mobile Hanger Arm Clip On Attachment","5,573.21",,Sold
"Samsung Galaxy A37 5G (2026), Unlocked Android Smartphone + $50 Gift Card, 256GB, AMOLED Display, Triple Camera, IP68, Slim Phone, 5000mAh Battery, US Version, US 1 Yr Warranty, Awesome Lavender","150,549.21",N/A,Sold
"Tracfone Motorola Moto g Play 2024 [Activation Promotion] Locked to Tracfone, 64GB, Includes 1500Min/1500Txt/1500MB, 365 Days Service Plan, 6.5"" 90Hz Display, 50MP Camera, Storage 4GB RAM","13,937.21",,Available
"Tracfone Motorola Moto g 5G (2024) [Activation Promotion] Locked Prepaid Smartphone, 128GB, Gray - Includes $20 Unlimited Talk, Text, & 4GB Data 30-Day Plan","13,937.21",,Available
"Mini 3G smartphone unlock, 3-inch high-definition touch screen dual SIM card dual standby mini phone, portable backup compact phone, suitable for students and children as gifts (black, 2GB+16GB)","11,149.21",,Sold
"DJI Osmo Mobile 7 Gimbal Stabilizer for iPhone, Android, Built-in Tripod, Portable Stabilizer for iPhone, Selfie Stick, 3-Axis Phone Gimbal, ActiveTrack 7.0, One-Tap Edit, 10hrs Use, Phone Charging","16,449.20",,Available
"Crib Mobile 35 Lullaby Music, Cotton Baby Mobiles for Cribs & Pack N Play, Easy to Install, Stuffed Animals Hanging Toys Newborn Boys & Girls, Star Nursery Decor","12,264.41",,Available
"DJI Mic Mini (2 TX + 1 Mobile RX), Wireless Lavalier Microphone for iPhone 17/16/15 & Android/PC/Tablet, Plug-and-Play, 300m Transmission, Ultralight, Active Noise Cancelling, YouTube, Vlog, Streaming","12,546.00",,Available
Floor-Standing Crib Mobile Arm with Music Box - 65 Inch Mobile Arm for Crib - 100% Beech Wood - Crib Mobile Motor - Volume Control - 35 Lullabies - Wooden Nursery Decor - Baby Mobile Hanger,"9,755.21",,Available
"teytoy My First Baby Crib Mobile, Black and White Baby Mobile for Crib, High Contrast Mobile Toy for Newborn Infants Boys and Girls","7,943.01",,Sold
"Dinosaur Crib Mobile – Grey and Green Dino Baby Crib Mobile with 3-Mode Music Box, Jurassic Dreams Baby Mobile for Boys & Girls, Nursery Mobiles, Fits Standard Cribs","10,312.81",,Available
"Baby Crib Mobile - Unicorn Crib Mobile for Girls with 25 Inches Mobile Arm and 35 Lullabies Musical Box, 3 Modes Digital, Volume Control, Essential Gift for Infant Bedroom Hanging Decor","11,149.21",,Available
"PERLESMITH Rolling TV Stand, Mobile TV Stand for 23-60 Inch LCD LED TVs, Tilt TV Stand Wheels Holds up to 88Lbs, Portable TV Stand for Bedroom with Shelf, Outdoor TV Stand Max VESA 400x400mm PSTVMC06","11,149.21",,Available
Montessori Mobile Baby for Crib (TINITIGIES) - Black and White Mobile Give Visual Stimulation to Engage Your Newborn - Baby Crib Mobile for Boys & Girls - Baby Mobile for Crib (Animal),"11,149.21",,Available
Woodland Mobile for Crib Bear Baby Mobile for Crib Woodland Crib Mobile for Boys Girls Forest Baby Nursery Mobile for Bassinet,"8,361.21",,Available
"SAMSUNG Galaxy A16 4G LTE (128GB + 4GB) (for T-Mobile Mint Tello & Global) NFC SM-A165M/DSN Dual Sim Warranty Latin America 6.7"" 50MP Triple Camera (Light Green)","34,286.82",,Sold
"Boho Cloud Moon Crib Mobile Boho Baby Mobile for Crib Neutral Clouds, Moon & Stars Design Nursery Mobile for Boys & Girls","8,361.21",,Available
"Dinosaur Crib Mobile – High-Contrast Black & White Nursery Decor for Newborn Baby Room, Handmade for Boy & Girl, Natural Wood & Fabric, Plastic-Free, Ready-to-Gift","6,663.32",,Available
"The Peanutshell Crib Mobile for Boys or Girls - Woodgrain Musical Baby Crib Mobile with 12 Lullabies, Whimsical Woodland Baby Whimsical Woodland Nursery Decor","12,543.21",,Available
"Mobil 1 Extended Performance Full Synthetic Motor Oil 5W-30, 5 Quart",N/A,,Available
"Baby Crib Mobile for Boys and Girls, Floral Mobile for Crib, Butterfly and Flower Nursery Decor, Crib Hanging Toy for Newborn","6,967.21",,Available
"Animals Crib Mobile for Boys & Girls - Safari Baby Mobile for Crib with Upgraded 3-Mode Music Box, Fits Standard Cribs, Nursery Mobiles","9,476.41",,Sold
Deer Hanging Mobile Girl Room Decor Butterflies Flowers Ceiling Mobile,"8,893.72",,Available
"DJI Osmo Mobile 8 Standard Combo, Gimbal Stabilizer for Phone, AI Native Tracking, 360° Pan Rotation, Built-in Extension Rod & Tripod, 10h Battery, Extension Rod, Robust 3-Axis Stabilization","30,389.20",,Available
Cloud Crib Mobile Baby Mobile for Crib Neutral Boho Moon and Clouds Mobile Neutral Nursery Décor Boucle Mobile,"9,197.61",,Available
"Woodland Baby Mobile, Woodland Mobile for Crib, Bear Crib Mobile for Boys, Nursery Mobile for Bassinet, Pack and Play, Bear Cloud Moon Star Mobile, Mountain Nursery Decor","7,234.86",,Sold
Mobile,"10,711.50",,Sold
"TUMAMA Crib Mobile with Music and Lights, Baby Mobile Cute Bee Crib Toys Hanging, Remote Control Nursery Mobiles for Bassinet, Rotation, Starlight Projection and Lullabies for Babies","13,100.81",,Available
"Animals Baby Crib Mobile - Safari Baby Mobile for Crib with 12 Lullabies for Boys & Girls, Nursery Mobiles, Fits Standard Cribs, Forest Nursery Decor","10,312.81",,Available
"Mobil 1 M1-212A Extended Performance Oil Filter, 1 Pack","5,015.61",,Available
